,id,class,latitude,longitude
0,343809576,Insecta,30.2842866667,-97.6695383333
1,343571605,Insecta,30.2784724399,-97.7324093165
2,341025946,Insecta,30.3057285074,-97.7737656545
3,339769063,Insecta,30.2469916667,-97.7198638889
4,338766430,Insecta,30.2571694444,-97.7665222222
5,337179778,Insecta,30.2578229722,-97.7859739722
6,337123012,Insecta,30.2571222222,-97.7666111111
7,332608567,Insecta,30.289255,-97.642805
8,332346359,Insecta,30.2404278609,-97.6985973492
9,321065719,Insecta,30.2245388031,-97.7432556152
10,320174249,Insecta,30.29278832,-97.69057234
11,317515421,Insecta,30.2924758239,-97.7310052887
12,317161385,Insecta,30.2639216667,-97.6900216667
13,316706514,Insecta,30.2984246639,-97.7391164805
14,315058877,Insecta,30.3274918445,-97.7482806552
15,314584278,Insecta,30.2859188632,-97.7540523367
16,314490064,Insecta,30.2868092945,-97.7539072652
17,313439934,Insecta,30.24149264,-97.70023326
18,313267702,Insecta,30.2905025238,-97.7318252251
19,312904386,Insecta,30.31543,-97.7835616667
20,306359876,Insecta,30.24392,-97.8104466667
21,306359619,Insecta,30.24378,-97.8103783333
22,305638252,Insecta,30.2141106146,-97.7829186242
23,305116308,Insecta,30.311384218,-97.7241466559
24,305092319,Insecta,30.2518805556,-97.7897861111
25,304597696,Insecta,30.3284838997,-97.7036362
26,303739507,Insecta,30.3127059937,-97.6757736206
27,302859101,Insecta,30.3344802778,-97.7189254722
28,302270174,Insecta,30.3145955674,-97.7570841122
29,301097797,Insecta,30.242221863,-97.7006824458
30,301094617,Insecta,30.2422400037,-97.7006942393
31,300446680,Insecta,30.2421,-97.7007
32,299592549,Insecta,30.2299071,-97.7814363
33,297751109,Insecta,30.332995,-97.7499049722
34,296176447,Insecta,30.2521758081,-97.7892463979
35,295830164,Insecta,30.3331966667,-97.7340166667
36,291900587,Insecta,30.2629666667,-97.745295
37,290565630,Insecta,30.3127243724,-97.7732082154
38,286161939,Insecta,30.3584651106,-97.7573360159
39,285824809,Insecta,30.245152728,-97.8190244369
40,285742839,Insecta,30.35703015,-97.68375342
41,285260707,Insecta,30.3523183265,-97.777371425
42,284951080,Insecta,30.2716355648,-97.7409246419
43,284318687,Insecta,30.3210124969,-97.7231750488
44,283162864,Insecta,30.2811015927,-97.7518081268
45,282089739,Insecta,30.2822347451,-97.6342930646
46,281049923,Insecta,30.3493852213,-97.7420623502
47,281049921,Insecta,30.3487195885,-97.7426953153
48,279976914,Insecta,30.29238,-97.7992383333
49,279564658,Insecta,30.2638531549,-97.7448276055
50,279069009,Insecta,30.3126388889,-97.7152111111
51,278784246,Insecta,30.2551479167,-97.7146835278
52,278485730,Insecta,30.3250356512,-97.7437187854
53,275260386,Insecta,30.2414861111,-97.7012555556
54,275253857,Insecta,30.2813148499,-97.751701355
55,275236244,Insecta,30.2814216614,-97.7518005371
56,274367924,Insecta,30.2417716667,-97.7007216667
57,273922702,Insecta,30.2493030615,-97.7203856221
58,273922335,Insecta,30.2493081297,-97.7203925909
59,271611410,Insecta,30.2841305556,-97.7824638889
60,271585062,Insecta,30.2839151,-97.7779775
61,271580679,Insecta,30.2847013997,-97.7822215
62,271578539,Insecta,30.2844641,-97.7823724997
63,271567926,Insecta,30.2835689997,-97.7824118
64,271280020,Insecta,30.2810466667,-97.775825
65,270906605,Insecta,30.2812571543,-97.7760074192
66,270548972,Insecta,30.212594182,-97.7020470823
67,270537320,Insecta,30.2994253938,-97.6953133781
68,270445250,Insecta,30.2837766041,-97.7373748696
69,270250885,Insecta,30.281445,-97.7511616667
70,270246808,Insecta,30.2816466667,-97.7512666667
71,270245682,Insecta,30.281695,-97.75132
72,270237770,Insecta,30.281145,-97.75158
73,270236842,Insecta,30.2813333333,-97.7516416667
74,269898799,Insecta,30.2667,-97.8303
75,269719718,Insecta,30.26978,-97.8266966667
76,269495342,Insecta,30.3030109406,-97.7399368286
77,269356226,Insecta,30.2663533333,-97.83542
78,268576877,Insecta,30.2805366667,-97.7587966667
79,268443631,Insecta,30.3372777778,-97.722825
80,268403946,Insecta,30.2632333333,-97.8228533333
81,267854332,Insecta,30.2813583333,-97.751245
82,267853854,Insecta,30.2813583333,-97.7512366667
83,267850886,Insecta,30.281655,-97.7515866667
84,267819448,Insecta,30.3186964299,-97.7231684918
85,267756348,Insecta,30.2662216667,-97.8350833333
86,267282945,Insecta,30.3177415844,-97.7317934129
87,267233654,Insecta,30.269317627,-97.771697998
88,267225795,Insecta,30.3354674627,-97.6935907074
89,266444173,Insecta,30.2676416667,-97.760755
90,265856832,Insecta,30.3363333333,-97.7324916667
91,265420361,Insecta,30.2814198,-97.7516732
92,265420335,Insecta,30.2814198,-97.7516732
93,265283651,Insecta,30.2859788952,-97.7533696509
94,265243795,Insecta,30.3397885066,-97.7803413845
95,264996485,Insecta,30.3280916667,-97.718825
96,264937773,Insecta,30.340819526,-97.7589347164
97,264445105,Insecta,30.2652133333,-97.8230366667
98,263433318,Insecta,30.2701833333,-97.8273083333
99,263419827,Insecta,30.2452650114,-97.8013016984
100,263240757,Insecta,30.2899083333,-97.73182
101,263240711,Insecta,30.2902133333,-97.7309716667
102,263224918,Insecta,30.2771133333,-97.74778
103,263194127,Insecta,30.2901656179,-97.7329088562
104,263172372,Insecta,30.2901267496,-97.7309974172
105,263172066,Insecta,30.2898810638,-97.7311424603
106,263170238,Insecta,30.2909455703,-97.7319278911
107,263169875,Insecta,30.2904973652,-97.7307978326
108,263169653,Insecta,30.2901033247,-97.7306967611
109,262205473,Insecta,30.2836325346,-97.7693888378
110,262079431,Insecta,30.2830560481,-97.742072911
111,262035268,Insecta,30.2643916667,-97.8233633333
112,260520429,Insecta,30.2866210787,-97.7377165137
113,260425556,Insecta,30.3374916667,-97.7248166667
114,259811096,Insecta,30.2646972222,-97.7745138889
115,257714030,Insecta,30.2495426898,-97.7100727458
116,255807800,Insecta,30.343555,-97.7440416667
117,255683013,Insecta,30.3147222222,-97.7547222222
118,255334884,Insecta,30.2759833333,-97.81423
119,253960090,Insecta,30.2621259722,-97.743797
120,252161609,Insecta,30.2888736997,-97.7344678997
121,251811788,Insecta,30.3067294141,-97.8220788305
122,251811739,Insecta,30.3066759414,-97.8221086326
123,251811723,Insecta,30.3066759414,-97.8221086326
124,251806343,Insecta,30.3080559593,-97.8213187954
125,249408325,Insecta,30.2815583333,-97.751275
126,247951215,Insecta,30.2898344348,-97.7157418458
127,247859140,Insecta,30.3084640278,-97.7171706944
128,247269389,Insecta,30.28178,-97.7514716667
129,247230758,Insecta,30.2814197854,-97.7516732365
130,247044067,Insecta,30.2358754445,-97.6916903258
131,245566243,Insecta,30.296775,-97.6465083333
132,245093973,Insecta,30.33603,-97.7434083333
133,244765218,Insecta,30.2368805556,-97.7054111111
134,244631934,Insecta,30.2367921038,-97.7053589278
135,244034209,Insecta,30.2815099063,-97.7781752678
136,242817248,Insecta,30.2592179925,-97.7448465508
137,242817206,Insecta,30.2148939307,-97.717618233
138,242817193,Insecta,30.3169836237,-97.6661506131
139,242425838,Insecta,30.2942272997,-97.7410768
140,242318948,Insecta,30.2882861111,-97.737725
141,242192506,Insecta,30.2887066712,-97.7481908209
142,242168862,Insecta,30.2980604978,-97.744506013
143,241401671,Insecta,30.2915882618,-97.7448699329
144,238643686,Insecta,30.3130009997,-97.7438206
145,235162006,Insecta,30.2745216667,-97.827745
146,233576271,Insecta,30.2591555556,-97.6851805556
147,233395475,Insecta,30.3097333333,-97.717445
148,232598256,Insecta,30.3070192746,-97.8092275849
149,231937243,Insecta,30.2973033333,-97.732095
150,231660179,Insecta,30.2665075291,-97.7430609986
151,231262407,Insecta,30.2919482558,-97.6703714292
152,231114147,Insecta,30.2645111084,-97.7701034546
153,224561629,Insecta,30.3235651142,-97.7085116085
154,223604026,Insecta,30.344145,-97.743255
155,223149568,Insecta,30.344345,-97.7428966667
156,222693642,Insecta,30.3443916667,-97.7430283333
157,222425036,Insecta,30.3510913,-97.7571341
158,222339949,Insecta,30.3132716667,-97.6941383333
159,222267419,Insecta,30.2641902,-97.76847221
160,221001734,Insecta,30.34412,-97.7432716667
161,219836750,Insecta,30.2226416667,-97.7357166667
162,219338977,Insecta,30.3095283333,-97.8227466667
163,219233746,Insecta,30.296405,-97.8328783333
164,219142459,Insecta,30.3405303955,-97.6776809692
165,218746890,Insecta,30.2636871338,-97.7734985352
166,218524917,Insecta,30.3131866667,-97.6941916667
167,218438156,Insecta,30.2971702456,-97.7013010141
168,217298269,Insecta,30.2623672485,-97.770149231
169,216622256,Insecta,30.2580925,-97.7384495
170,216403813,Insecta,30.26423,-97.75383
171,216198685,Insecta,30.3487,-97.7439633333
172,216140643,Insecta,30.3183469075,-97.6883413832
173,214798922,Insecta,30.3443309467,-97.743046731
174,214389896,Insecta,30.3149866667,-97.6739283333
175,214260854,Insecta,30.2839638889,-97.741775
176,214250152,Insecta,30.3097563051,-97.7174782568
177,214043360,Insecta,30.2701229165,-97.8280850603
178,214003345,Insecta,30.2891765403,-97.7483894849
179,213984050,Insecta,30.2834361111,-97.7754583333
180,213852303,Insecta,30.2485173995,-97.7048362617
181,213100398,Insecta,30.2420305556,-97.7006638889
182,211194470,Insecta,30.2811666667,-97.7519833333
183,210958549,Insecta,30.2814083333,-97.7512361111
184,210958515,Insecta,30.2818611111,-97.7515277778
185,210958514,Insecta,30.2817638889,-97.7514555556
186,210958501,Insecta,30.2813388889,-97.7512055556
187,210958498,Insecta,30.2811055556,-97.7511833333
188,210958496,Insecta,30.2815694444,-97.7512361111
189,210958489,Insecta,30.2815888889,-97.7512722222
190,210958488,Insecta,30.2815805556,-97.7512722222
191,210958472,Insecta,30.2816027778,-97.7512361111
192,210958456,Insecta,30.2815527778,-97.7513055556
193,210958454,Insecta,30.2815638889,-97.7512888889
194,210958453,Insecta,30.2810638889,-97.751175
195,210958445,Insecta,30.2815638889,-97.7512722222
196,210958442,Insecta,30.2816055556,-97.7512666667
197,210958428,Insecta,30.2815972222,-97.7512722222
198,210958410,Insecta,30.2813972222,-97.7511972222
199,210958408,Insecta,30.2814027778,-97.7511972222
200,210831301,Insecta,30.2856643265,-97.7814152465
201,210621698,Insecta,30.2420866667,-97.7007616667
202,210503606,Insecta,30.2473972222,-97.7249
203,210389425,Insecta,30.3700146752,-97.7344065514
204,210229769,Insecta,30.2475459045,-97.7247962202
205,210224465,Insecta,30.247412799,-97.7248018608
206,210211360,Insecta,30.2470220967,-97.7244825825
207,209115251,Insecta,30.25812,-97.681045
208,209092223,Insecta,30.3475613266,-97.7237772569
209,208751362,Insecta,30.2320289162,-97.7480272703
210,208209258,Insecta,30.3669058256,-97.786080949
211,208138502,Insecta,30.285030365,-97.7801589966
212,207842606,Insecta,30.27052,-97.7734533333
213,207760238,Insecta,30.2419533333,-97.699875
214,207760212,Insecta,30.2439966667,-97.6938783333
215,207760183,Insecta,30.2431,-97.6944416667
216,207760151,Insecta,30.2431283333,-97.6945033333
217,207567288,Insecta,30.3036671039,-97.8158059438
218,207337872,Insecta,30.2421055556,-97.7006916667
219,207089165,Insecta,30.2423531793,-97.7005652434
220,207087978,Insecta,30.2856966313,-97.7814053289
221,207085948,Insecta,30.282641,-97.785369
222,207082663,Insecta,30.2423666667,-97.700605
223,207081106,Insecta,30.24206489,-97.70070072
224,207059146,Insecta,30.2633916667,-97.82283
225,207026907,Insecta,30.2832196188,-97.7820423805
226,206993045,Insecta,30.2857847726,-97.7819183463
227,206649971,Insecta,30.2671283333,-97.7501916667
228,206570356,Insecta,30.3485530594,-97.7446082639
229,206486631,Insecta,30.280646584,-97.7780632396
230,205617257,Insecta,30.2776277778,-97.7468194444
231,205617245,Insecta,30.2816944444,-97.7337555556
232,205617244,Insecta,30.2773361111,-97.7477944444
233,205617240,Insecta,30.2888583333,-97.7389138889
234,205413201,Insecta,30.3083533333,-97.6778116667
235,205115371,Insecta,30.2663582718,-97.6866202656
236,204621592,Insecta,30.2816931021,-97.7791688964
237,204223368,Insecta,30.2456888502,-97.703224493
238,204222988,Insecta,30.2455410812,-97.7024535239
239,204222943,Insecta,30.2452726639,-97.7029351175
240,204170466,Insecta,30.3281445383,-97.6847086108
241,204081268,Insecta,30.2455173151,-97.7253261383
242,203910901,Insecta,30.2490742778,-97.7944638889
243,203665091,Insecta,30.3666811,-97.7852942
244,203660506,Insecta,30.2463771254,-97.8106452897
245,203604682,Insecta,30.3542683,-97.6821041997
246,203546427,Insecta,30.2881847189,-97.7853917073
247,203538128,Insecta,30.2143264494,-97.7107045261
248,202539344,Insecta,30.2844483409,-97.7542955272
249,202299797,Insecta,30.2702383333,-97.7719583333
250,198708358,Insecta,30.3122679722,-97.7707939722
251,198460651,Insecta,30.2836777778,-97.7367027778
252,197733400,Insecta,30.3076777778,-97.7182805556
253,196402887,Insecta,30.2704683092,-97.8319592794
254,193547521,Insecta,30.2615416667,-97.7839883333
255,192284900,Insecta,30.267153,-97.7430608
256,191557124,Insecta,30.2448272705,-97.8196029663
257,191419337,Insecta,30.2688833333,-97.766075
258,191411592,Insecta,30.270145,-97.8083033333
259,191410860,Insecta,30.2701333333,-97.8083716667
260,190862460,Insecta,30.296114,-97.73297
261,190234869,Insecta,30.2747474541,-97.735819702
262,190084200,Insecta,30.2478388369,-97.7101667312
263,190060495,Insecta,30.2852388889,-97.6742416667
264,189980552,Insecta,30.261233836,-97.7471187309
265,189595357,Insecta,30.3256666667,-97.711045
266,189523551,Insecta,30.3,-97.8
267,189085539,Insecta,30.2816,-97.7512883333
268,189085189,Insecta,30.281605,-97.75125
269,189084952,Insecta,30.2816,-97.75125
270,189083931,Insecta,30.28169,-97.75125
271,188941563,Insecta,30.2419393996,-97.7004991086
272,188941550,Insecta,30.2419393996,-97.7004991086
273,188596279,Insecta,30.2824065886,-97.7405542871
274,188427158,Insecta,30.265695,-97.835525
275,188370802,Insecta,30.2420883333,-97.70067
276,188225624,Insecta,30.2474228044,-97.7247724081
277,188044456,Insecta,30.2188672116,-97.7373680358
278,187799538,Insecta,30.267153,-97.7430608
279,187453434,Insecta,30.2827242,-97.6691792
280,187453023,Insecta,30.2827242,-97.6691792
281,186615469,Insecta,30.2389666667,-97.7029333333
282,185467555,Insecta,30.300145,-97.7132333333
283,185279169,Insecta,30.2497427892,-97.714016495
284,184154492,Insecta,30.2044057089,-97.76632542
285,182145790,Insecta,30.2422960677,-97.700769137
286,181155355,Insecta,30.263395,-97.7702416667
287,179702376,Insecta,30.277625,-97.7488033333
288,179067549,Insecta,30.3024063092,-97.7505685188
289,177425332,Insecta,30.268285039,-97.7361264853
290,175999045,Insecta,30.230416255,-97.7727109095
291,175972356,Insecta,30.303805,-97.73427
292,175549305,Insecta,30.3115234375,-97.7040710449
293,174262735,Insecta,30.2496833801,-97.8291320801
294,174131492,Insecta,30.3210306865,-97.7692955904
295,173817217,Insecta,30.281405,-97.7775116667
296,173094200,Insecta,30.2707084,-97.7548633
297,170352897,Insecta,30.3666333333,-97.7856366667
298,169780148,Insecta,30.259245,-97.673325
299,169391127,Insecta,30.2833470235,-97.717343811
300,169008441,Insecta,30.2627258301,-97.643196106
301,168836606,Insecta,30.2527389113,-97.7569472977
302,168579515,Insecta,30.2630414886,-97.7330095459
303,168488534,Insecta,30.2706689835,-97.7727457016
304,167908559,Insecta,30.2250866667,-97.7898783333
305,167608226,Insecta,30.22345,-97.7749033333
306,167582429,Insecta,30.2847337809,-97.7348747284
307,167124874,Insecta,30.2510833333,-97.7621216667
308,167079896,Insecta,30.2723130415,-97.7741022035
309,166033986,Insecta,30.2808,-97.7339472222
310,165837147,Insecta,30.312821,-97.698503
311,165215515,Insecta,30.2811354228,-97.7768112214
312,164643593,Insecta,30.3086900257,-97.8228472342
313,164550426,Insecta,30.2859333333,-97.78115
314,163927847,Insecta,30.28238,-97.7770916667
315,163913210,Insecta,30.2876948216,-97.6539561727
316,163866969,Insecta,30.268755,-97.824075
317,163858409,Insecta,30.2851666667,-97.6742166667
318,162951782,Insecta,30.35705286,-97.68368991
319,162619851,Insecta,30.2706258084,-97.8283528827
320,162562110,Insecta,30.36977505,-97.7043682
321,162502967,Insecta,30.2693868602,-97.7728756522
322,161156038,Insecta,30.3386804925,-97.7263900639
323,161027200,Insecta,30.2528166667,-97.8150116667
324,161027148,Insecta,30.248905,-97.8129666667
325,160942301,Insecta,30.3001633333,-97.7132633333
326,160054375,Insecta,30.3444216667,-97.7430583333
327,158790638,Insecta,30.2471527778,-97.7249555556
328,157715157,Insecta,30.247601684,-97.7246950683
329,157671987,Insecta,30.24725,-97.7248
330,157648036,Insecta,30.2470281528,-97.7244171403
331,157592922,Insecta,30.2471399511,-97.725090373
332,156536079,Insecta,30.27655855,-97.6496095
333,155402519,Insecta,30.2506866667,-97.7585533333
334,155359175,Insecta,30.28055896,-97.73499329
335,155096206,Insecta,30.2810916667,-97.7510833333
336,154726691,Insecta,30.2872101386,-97.739034121
337,154610180,Insecta,30.2876341548,-97.7391267196
338,154335763,Insecta,30.2829354179,-97.7342527196
339,153730811,Insecta,30.3201599121,-97.7327728271
340,153651686,Insecta,30.2422966667,-97.70063
341,153651608,Insecta,30.2422966667,-97.700675
342,153651435,Insecta,30.2422916667,-97.7006533333
343,153650313,Insecta,30.24153,-97.7006083333
344,153643550,Insecta,30.2764333333,-97.7479466667
345,153149603,Insecta,30.21187,-97.7800966667
346,153149142,Insecta,30.2459666667,-97.689605
347,152943282,Insecta,30.3029883333,-97.6970216667
348,152746493,Insecta,30.3721582717,-97.747577781
349,152214452,Insecta,30.2368406,-97.7478596
350,151333709,Insecta,30.2708611111,-97.83135
351,151086816,Insecta,30.348575,-97.74212
352,151040766,Insecta,30.3080027778,-97.6983861111
353,151017086,Insecta,30.3005166667,-97.688195
354,150746114,Insecta,30.2847633333,-97.7362883333
355,150618455,Insecta,30.2897694954,-97.737998079
356,149757544,Insecta,30.3531133333,-97.742675
357,149487090,Insecta,30.308,-97.6983333333
358,147577888,Insecta,30.2847666667,-97.674225
359,144185503,Insecta,30.241195,-97.6965166667
360,143981595,Insecta,30.2599166667,-97.8324472222
361,143522736,Insecta,30.2821533333,-97.75155
362,143385950,Insecta,30.2775616667,-97.7494133333
363,142082131,Insecta,30.2911006254,-97.7317781343
364,142080716,Insecta,30.29039787,-97.73112247
365,141498342,Insecta,30.2411806517,-97.6969552898
366,141296512,Insecta,30.3385834161,-97.7240692824
367,140470255,Insecta,30.2406591269,-97.6999423131
368,140462837,Insecta,30.2408949748,-97.7007545929
369,140318261,Insecta,30.3442083333,-97.7431716667
370,140063785,Insecta,30.2024158091,-97.7577329335
371,140063552,Insecta,30.2022449021,-97.7580524516
372,139673608,Insecta,30.2851333333,-97.6745
373,139636550,Insecta,30.281875,-97.7520133333
374,138921631,Insecta,30.2486192772,-97.6963244277
375,138921310,Insecta,30.2463989871,-97.6978682512
376,138747250,Insecta,30.3439716667,-97.7443466667
377,138426814,Insecta,30.2829287335,-97.7351186556
378,138377883,Insecta,30.3441133333,-97.7432033333
379,138073735,Insecta,30.2821782984,-97.7519795005
380,138073721,Insecta,30.2826971321,-97.7522369926
381,138073692,Insecta,30.2820201203,-97.7517843246
382,138073690,Insecta,30.2820201203,-97.7517843246
383,137912323,Insecta,30.2733583333,-97.8265533333
384,137570760,Insecta,30.2428298794,-97.777938079
385,137496672,Insecta,30.2814198,-97.7516732
386,137496668,Insecta,30.2814198,-97.7516732
387,137496666,Insecta,30.2814198,-97.7516732
388,137496665,Insecta,30.2814198,-97.7516732
389,137496660,Insecta,30.2814198,-97.7516732
390,137496658,Insecta,30.2814198,-97.7516732
391,137496649,Insecta,30.2814198,-97.7516732
392,137496647,Insecta,30.2814198,-97.7516732
393,137496633,Insecta,30.2814198,-97.7516732
394,137401597,Insecta,30.2783592865,-97.677951979
395,136978931,Insecta,30.3442333333,-97.7430283333
396,136977994,Insecta,30.34437,-97.7430633333
397,136945947,Insecta,30.2676113818,-97.7430609986
398,136868261,Insecta,30.2808614,-97.7515279
399,136868016,Insecta,30.28116315,-97.75128379
400,136761802,Insecta,30.2701283333,-97.8081283333
401,136562759,Insecta,30.3441916667,-97.7429716667
402,136530085,Insecta,30.2804507671,-97.7508702468
403,136462722,Insecta,30.2436354651,-97.7042388916
404,136370498,Insecta,30.241554,-97.70053395
405,136363604,Insecta,30.2413588,-97.7008571
406,136316614,Insecta,30.3440883333,-97.743155
407,135989969,Insecta,30.28145357,-97.75127162
408,135135635,Insecta,30.2399966667,-97.7888116667
409,135012719,Insecta,30.2625789642,-97.6645584106
410,134872131,Insecta,30.3105177,-97.6900846
411,134523582,Insecta,30.2577389687,-97.7847518307
412,134372201,Insecta,30.3441166667,-97.743155
413,134364327,Insecta,30.344105,-97.7432166667
414,133832027,Insecta,30.3077715,-97.749936
415,133645521,Insecta,30.3487166667,-97.7439416667
416,133275368,Insecta,30.284303,-97.778219
417,132806873,Insecta,30.34408,-97.7431866667
418,132280243,Insecta,30.3442283333,-97.743325
419,130031149,Insecta,30.27769905,-97.75540975
420,128874047,Insecta,30.2687666667,-97.8241116667
421,128406707,Insecta,30.2552939158,-97.7746491677
422,127888002,Insecta,30.2723269315,-97.7144149956
423,126373748,Insecta,30.2725769957,-97.7138425072
424,125388426,Insecta,30.2581157398,-97.6952396923
425,123771306,Insecta,30.26592,-97.696945
426,123405123,Insecta,30.2895179484,-97.8406342306
427,122248096,Insecta,30.2639083422,-97.775545
428,121894055,Insecta,30.2873366667,-97.7390533333
429,121452129,Insecta,30.3150866667,-97.824395
430,120901420,Insecta,30.2291691992,-97.8068330918
431,120873107,Insecta,30.2143640863,-97.7806989291
432,120596988,Insecta,30.31568184,-97.67618746
433,119934945,Insecta,30.2676113818,-97.7430609986
434,119540389,Insecta,30.3536749282,-97.7013387671
435,118404785,Insecta,30.2731381683,-97.7147034501
436,117635685,Insecta,30.2285850542,-97.7466725449
437,117447629,Insecta,30.3332829243,-97.7123499569
438,116915913,Insecta,30.26177,-97.7831333333
439,116836446,Insecta,30.2347093919,-97.7118001878
440,116788025,Insecta,30.2827716667,-97.7523033333
441,116787905,Insecta,30.2822633333,-97.752555
442,116754402,Insecta,30.2530622491,-97.7351455688
443,116654897,Insecta,30.283755,-97.7456133333
444,116617763,Insecta,30.3663833333,-97.769945
445,116127023,Insecta,30.3147716667,-97.8211133333
446,115232676,Insecta,30.3127555556,-97.7708444444
447,115020243,Insecta,30.2664531,-97.7688115
448,114731305,Insecta,30.2422333333,-97.7006216667
449,114728532,Insecta,30.2413716667,-97.7006833333
450,114459546,Insecta,30.2669363883,-97.7430609986
451,114393635,Insecta,30.2823616667,-97.751755
452,113654867,Insecta,30.3337505549,-97.779939168
453,113492935,Insecta,30.286495,-97.7337633333
454,113155429,Insecta,30.2146861903,-97.7807045004
455,113150832,Insecta,30.2143478254,-97.7808011883
456,113038578,Insecta,30.2731300736,-97.7144375742
457,112731680,Insecta,30.3411471103,-97.7362508797
458,112695608,Insecta,30.220002723,-97.7245749485
459,112579357,Insecta,30.2736916667,-97.7142027778
460,112549291,Insecta,30.2809145323,-97.6819835701
461,112328625,Insecta,30.3164273198,-97.6735627236
462,112328566,Insecta,30.3164040087,-97.6735312382
463,112197858,Insecta,30.363734183,-97.686362792
464,112196151,Insecta,30.2327289085,-97.7576676384
465,112101194,Insecta,30.2285091444,-97.7962807201
466,112075651,Insecta,30.2817883333,-97.7337416667
467,111942823,Insecta,30.3136,-97.8203883333
468,111938305,Insecta,30.282712807,-97.7527658177
469,111892310,Insecta,30.2814198,-97.7516732
470,111892261,Insecta,30.2814198,-97.7516732
471,111891578,Insecta,30.2814261551,-97.7516806126
472,111891575,Insecta,30.2814261551,-97.7516806126
473,111827300,Insecta,30.2827783333,-97.7522966667
474,111713583,Insecta,30.2413416667,-97.7007
475,111713582,Insecta,30.2413444444,-97.7006694444
476,111713553,Insecta,30.2417972222,-97.700425
477,111713549,Insecta,30.2417777778,-97.7004
478,111578807,Insecta,30.3575,-97.7234
479,111578010,Insecta,30.2942218718,-97.6656948312
480,111452356,Insecta,30.2968256142,-97.7534044456
481,111451735,Insecta,30.2907956416,-97.7562421895
482,111450750,Insecta,30.2936315473,-97.75120584
483,111373534,Insecta,30.28230584,-97.75257419
484,111167561,Insecta,30.3277972222,-97.7474944444
485,111123386,Insecta,30.2799362992,-97.7350190999
486,111122695,Insecta,30.2802319018,-97.7349467291
487,110802941,Insecta,30.344125,-97.7432633333
488,110800407,Insecta,30.2234633333,-97.6981966667
489,110790541,Insecta,30.2901635562,-97.7512550354
490,110625263,Insecta,30.2831442587,-97.7519669614
491,110533466,Insecta,30.3452745879,-97.7009584228
492,110418406,Insecta,30.2819326997,-97.7514893997
493,110418393,Insecta,30.2819326997,-97.7514893997
494,110229567,Insecta,30.2421916667,-97.7006783333
495,110123212,Insecta,30.281744,-97.751838
496,110121269,Insecta,30.281744,-97.751838
497,109975779,Insecta,30.2814142825,-97.7512043529
498,109973185,Insecta,30.2816688828,-97.7514212766
499,109971464,Insecta,30.2816412226,-97.75129647
500,109971135,Insecta,30.2814616667,-97.751245
501,107794463,Insecta,30.2304083333,-97.7473216667
502,107275891,Insecta,30.3080027778,-97.6984638889
503,106381535,Insecta,30.2644611111,-97.7749527778
504,102548081,Insecta,30.3356459117,-97.7152518951
505,101025854,Insecta,30.2614849245,-97.7155466644
506,100034348,Insecta,30.3139083333,-97.6743083333
507,99722768,Insecta,30.2117366667,-97.7800966667
508,99421519,Insecta,30.3080194444,-97.69835
509,99336238,Insecta,30.344295,-97.7431416667
510,97979590,Insecta,30.2415611111,-97.6979222222
511,97586185,Insecta,30.2799333333,-97.6758416667
512,97238172,Insecta,30.33127,-97.74578
513,96706892,Insecta,30.3459077006,-97.7042224734
514,95594458,Insecta,30.2634783333,-97.7703383333
515,94344204,Insecta,30.2897133333,-97.7045583333
516,94323365,Insecta,30.2711475745,-97.8311946383
517,93596879,Insecta,30.2643489486,-97.685013966
518,91122483,Insecta,30.2731216667,-97.728905
519,90028762,Insecta,30.2656040192,-97.6886672974
520,84497927,Insecta,30.201315,-97.7473909722
521,83856843,Insecta,30.2467231136,-97.7436066826
522,83481436,Insecta,30.2435966667,-97.744825
523,80412689,Insecta,30.2691633333,-97.8036116667
524,79830288,Insecta,30.300425,-97.6880716667
525,79829325,Insecta,30.300475,-97.6880583333
526,79605382,Insecta,30.2952416667,-97.7606716667
527,79555791,Insecta,30.2288684845,-97.7719802856
528,79349048,Insecta,30.3077715,-97.749936
529,79093145,Insecta,30.2605140059,-97.74172708
530,79049906,Insecta,30.2567081462,-97.8225072187
531,77652392,Insecta,30.2221027144,-97.6743702302
532,77540146,Insecta,30.246455,-97.7005616667
533,77382463,Insecta,30.255005,-97.8185416667
534,76762686,Insecta,30.2386185872,-97.7126682913
535,76730196,Insecta,30.2899789722,-97.738951
536,76534844,Insecta,30.2544488477,-97.7656080557
537,76403663,Insecta,30.300475,-97.6881866667
538,75854537,Insecta,30.3077715,-97.749936
539,75753765,Insecta,30.331905,-97.66523
540,75753471,Insecta,30.33193,-97.6652216667
541,75728620,Insecta,30.2701981755,-97.8082440952
542,75233041,Insecta,30.3416466667,-97.7289366667
543,75119662,Insecta,30.2868178,-97.7394148
544,75107184,Insecta,30.226875,-97.7795333333
545,74418444,Insecta,30.3640576717,-97.6866294552
546,74066892,Insecta,30.283427333,-97.7794265747
547,73836333,Insecta,30.2702077272,-97.8082265903
548,73680651,Insecta,30.37117,-97.707205
549,73584539,Insecta,30.2297477722,-97.7723083496
550,73457799,Insecta,30.3014633333,-97.6885133333
551,73457596,Insecta,30.3014216667,-97.6884
552,73456585,Insecta,30.3014366667,-97.6884466667
553,73442519,Insecta,30.2676113818,-97.7430609986
554,73441179,Insecta,30.24026971,-97.71428672
555,73220021,Insecta,30.2952463925,-97.7485511453
556,73053653,Insecta,30.248625,-97.7498633333
557,73024743,Insecta,30.2465783333,-97.705925
558,72809658,Insecta,30.2947459091,-97.7485716809
559,72462436,Insecta,30.2963688132,-97.7496667766
560,72451873,Insecta,30.2392515109,-97.7103472113
561,72401393,Insecta,30.294895,-97.7403033333
562,72221925,Insecta,30.3569686,-97.68347077
563,72209210,Insecta,30.2403739,-97.71436518
564,71989886,Insecta,30.3026066674,-97.7472564765
565,71526806,Insecta,30.3018138889,-97.7489555556
566,69909088,Insecta,30.2116966667,-97.7803116667
567,65949494,Insecta,30.2853784645,-97.7791845714
568,65668998,Insecta,30.3737666667,-97.70555
569,65121637,Insecta,30.3665960816,-97.7485281344
570,64914290,Insecta,30.3081288353,-97.6819431782
571,64760556,Insecta,30.254437891,-97.6731079817
572,64631874,Insecta,30.2843800056,-97.6837420743
573,64526272,Insecta,30.303293,-97.652546
574,64099887,Insecta,30.2409587909,-97.6971013471
575,63885686,Insecta,30.2744447996,-97.6677675032
576,63758353,Insecta,30.2776944444,-97.7039361111
577,58925327,Insecta,30.23145,-97.74793333
578,53098333,Insecta,30.2544381806,-97.6731079817
579,51487954,Insecta,30.2106059625,-97.784976399
580,51433514,Insecta,30.257436,-97.7750603
581,51420590,Insecta,30.31225,-97.71148
582,51399842,Insecta,30.2110722672,-97.7846752133
583,50595279,Insecta,30.3640229,-97.758988
584,50424149,Insecta,30.26452833,-97.69801333
585,49184029,Insecta,30.3116313347,-97.7182990039
586,48368768,Insecta,30.3097404253,-97.7312842938
587,48281274,Insecta,30.2642428591,-97.6972886223
588,47457803,Insecta,30.267153,-97.7430608
589,47457554,Insecta,30.267153,-97.7430608
590,47457553,Insecta,30.267153,-97.7430608
591,46425373,Insecta,30.3144544022,-97.7393075524
592,45803735,Insecta,30.3084926605,-97.7240371704
593,45113323,Insecta,30.2768809963,-97.7015035227
594,43947796,Insecta,30.2732357153,-97.7792033858
595,43527004,Insecta,30.3085670471,-97.7240982056
596,42525082,Insecta,30.3139166667,-97.6822083333
597,41929343,Insecta,30.32720742,-97.71980527
598,41861985,Insecta,30.2329128663,-97.7227530916
599,41559251,Insecta,30.3229225567,-97.7326272056
600,41545352,Insecta,30.25595333,-97.77377167
601,41467387,Insecta,30.27372988,-97.71612404
602,41166855,Insecta,30.27391924,-97.71552155
603,39542422,Insecta,30.23693333,-97.70535333
604,39490231,Insecta,30.2441885075,-97.6964683368
605,39258438,Insecta,30.2372213686,-97.7015026846
606,39179875,Insecta,30.2852594128,-97.7802977199
607,38611460,Insecta,30.2369584218,-97.7052695952
608,38579498,Insecta,30.2626826309,-97.7181781433
609,38185692,Insecta,30.2864351919,-97.7337733193
610,38061674,Insecta,30.244266539,-97.7046759054
611,36488401,Insecta,30.327195,-97.718705
612,36363132,Insecta,30.287195,-97.73967833
613,36300000,Insecta,30.26612,-97.75530333
614,36299859,Insecta,30.266955,-97.75505
615,36267464,Insecta,30.3612487165,-97.7156525894
616,36073411,Insecta,30.2552221116,-97.7902642546
617,36072891,Insecta,30.2561059997,-97.7883083913
618,35805435,Insecta,30.27022167,-97.77197167
619,35805330,Insecta,30.27022167,-97.77197167
620,35716676,Insecta,30.3122695684,-97.7703167195
621,35626401,Insecta,30.23256667,-97.70204167
622,35435238,Insecta,30.3270759583,-97.714302063
623,35398941,Insecta,30.328139,-97.717895
624,35314161,Insecta,30.2946707125,-97.7386592169
625,35070670,Insecta,30.2117527778,-97.7800833333
626,34812441,Insecta,30.3606547323,-97.7055848146
627,34704222,Insecta,30.2731727762,-97.7721187101
628,34664336,Insecta,30.2425633333,-97.6986466667
629,34655662,Insecta,30.23817,-97.70423
630,33780937,Insecta,30.2706278774,-97.8065968926
631,33779667,Insecta,30.2995883333,-97.7021466667
632,32682335,Insecta,30.2381943391,-97.7015851491
633,32184830,Insecta,30.2377907094,-97.703488106
634,31714819,Insecta,30.2116,-97.7801966667
635,30886935,Insecta,30.35,-97.72
636,29128895,Insecta,30.2829695142,-97.7443606758
637,28641836,Insecta,30.2911033333,-97.7277133333
638,28592111,Insecta,30.2244302491,-97.691516569
639,28590761,Insecta,30.2244292852,-97.6916493383
640,28123206,Insecta,30.2189783333,-97.7685866667
641,27672363,Insecta,30.2404783333,-97.714455
642,27661350,Insecta,30.23698918,-97.70550996
643,27402220,Insecta,30.2721955302,-97.7750232072
644,27349851,Insecta,30.2368866667,-97.70533
645,27027317,Insecta,30.3085251,-97.82135444
646,26889014,Insecta,30.2224883333,-97.73883
647,26860836,Insecta,30.34641219,-97.68858862
648,26761305,Insecta,30.2769883333,-97.774995
649,25608379,Insecta,30.2466288406,-97.7898083767
650,25085147,Insecta,30.2898541871,-97.736945466
651,24614214,Insecta,30.357616134,-97.7190270648
652,24126051,Insecta,30.359755,-97.7077033333
653,24113859,Insecta,30.3199383333,-97.6863033333
654,23951966,Insecta,30.24,-97.7
655,23525424,Insecta,30.3067752705,-97.7520587513
656,22865578,Insecta,30.238131,-97.713367
657,22861671,Insecta,30.2382111111,-97.7030083333
658,22855755,Insecta,30.2647794324,-97.7602052925
659,22855401,Insecta,30.2774783241,-97.7170174196
660,22854174,Insecta,30.2385716667,-97.702095
661,22850515,Insecta,30.2435555945,-97.8167112419
662,22850220,Insecta,30.2434894276,-97.8167093138
663,22849077,Insecta,30.3647994633,-97.7085379617
664,22840199,Insecta,30.238131,-97.713367
665,22828441,Insecta,30.3147169408,-97.7363378077
666,22816471,Insecta,30.2596283333,-97.784395
667,22816399,Insecta,30.2452336072,-97.8176367634
668,22816322,Insecta,30.2548281946,-97.8185744864
669,22793896,Insecta,30.2386694444,-97.70555
670,22786736,Insecta,30.2814261551,-97.7516806126
671,22560353,Insecta,30.31005843,-97.70427016
672,22379515,Insecta,30.2718943182,-97.7758442916
673,22034742,Insecta,30.2480014181,-97.7964503692
674,21734926,Insecta,30.346699861,-97.7623897368
675,21237272,Insecta,30.23817,-97.7040716667
676,21004973,Insecta,30.283902256,-97.7345945665
677,20553652,Insecta,30.2866325378,-97.733795166
678,20540488,Insecta,30.2867278224,-97.7338911128
679,20369292,Insecta,30.230951613,-97.7834683073
680,20265301,Insecta,30.2379550934,-97.703338623
681,20247610,Insecta,30.2385277778,-97.7038111111
682,20063264,Insecta,30.3180643765,-97.6858235504
683,20062934,Insecta,30.2998220208,-97.6338222631
684,18858454,Insecta,30.2589383333,-97.7835466667
685,18670760,Insecta,30.2866222222,-97.730575
686,18498544,Insecta,30.24752,-97.7908166667
687,17877966,Insecta,30.2552,-97.752905
688,17827357,Insecta,30.2377296305,-97.7071006203
689,17300222,Insecta,30.251104,-97.714996
690,17190143,Insecta,30.2369480133,-97.705368042
691,16794026,Insecta,30.2648961917,-97.7687775158
692,16707651,Insecta,30.312805,-97.698454
693,16635051,Insecta,30.2909883333,-97.7469416667
694,16605162,Insecta,30.2379638889,-97.7031694444
695,16536552,Insecta,30.2859857354,-97.7381658777
696,16520700,Insecta,30.2869978873,-97.7398042102
697,12613439,Insecta,30.357975,-97.7966216667
698,12198613,Insecta,30.2750031358,-97.7355112267
699,12107216,Insecta,30.2900902648,-97.6829123777
700,11957889,Insecta,30.2160866667,-97.7767416667
701,11846092,Insecta,30.31006087,-97.70428279
702,11769424,Insecta,30.28445,-97.7006305556
703,11282683,Insecta,30.3090400296,-97.8218188697
704,11264748,Insecta,30.3500194475,-97.8049872537
705,11200204,Insecta,30.3362776706,-97.7107688717
706,10919309,Insecta,30.2376583333,-97.7007138889
707,10827780,Insecta,30.236907959,-97.7052307129
708,10815232,Insecta,30.2491543867,-97.7957694331
709,10777907,Insecta,30.2447183333,-97.8091
710,10713074,Insecta,30.2378447,-97.7136366
711,10392341,Insecta,30.3107946787,-97.7698163826
712,9719784,Insecta,30.2386436949,-97.7152020872
713,9709172,Insecta,30.24262,-97.69483
714,9700403,Insecta,30.2470966667,-97.8116383333
715,9403813,Insecta,30.3704068,-97.7630873
716,9136411,Insecta,30.2370167363,-97.7052598971
717,8256797,Insecta,30.2630966809,-97.7509304323
718,8253794,Insecta,30.2566019213,-97.7567439527
719,8040203,Insecta,30.240764,-97.700037
720,8037246,Insecta,30.2380657234,-97.6998281479
721,7987214,Insecta,30.2284426393,-97.7077996731
722,7984981,Insecta,30.2404333333,-97.71177
723,5942520,Insecta,30.343560814,-97.7113134508
724,5895818,Insecta,30.3130555556,-97.7702472222
725,5758383,Insecta,30.3045689548,-97.7219021414
726,5756165,Insecta,30.27347305,-97.67755774
727,5756054,Insecta,30.27337852,-97.67744612
728,5703471,Insecta,30.3116262204,-97.770044691
729,5702766,Insecta,30.3117799137,-97.771177254
730,3828596,Insecta,30.3584416667,-97.7971716667
731,2828078,Insecta,30.277433,-97.818986
732,1554635,Insecta,30.241273,-97.743988
733,1547756,Insecta,30.310303,-97.823489
734,462873,Insecta,30.246111,-97.759098
